No,Title,Content
000,Module 0: 入门导读,"欢迎来到纽约州公证人培训课程！

本模块将帮助您：
• 了解课程结构和学习路径
• 认识公证人职业的重要性
• 掌握纽约州公证制度的基本框架
• 学会如何高效使用本培训系统

建议学习时间：1-2小时

准备好开始您的公证人职业之旅了吗？让我们开始吧！"
001,课程介绍与学习指南,"【课程概述】

本课程是纽约州公证人（Notary Public）执照考试的官方培训教材，基于NYS Department of State发布的《Notary Public License Law》（2023年1月版）开发。

【学习目标】
完成本课程后，您将能够：
1. 理解纽约州公证人的法律职责和权限
2. 掌握公证流程的正确操作方法
3. 识别并避免常见的违规行为
4. 通过纽约州公证人执照考试

【课程结构】

本课程分为10个模块，共121课：

**Module 0: 入门导读** (⭐ 入门级)
- 课程介绍
- 职业概述
- 制度简介
- 使用指南

**Module 1: 基础知识** (⭐ 入门级)
- 职业行为准则
- 公证人职责与权力
- 任命资格要求
- 基本术语定义

**Module 2: 任命流程** (⭐⭐ 初级)
- 申请流程详解
- 考试与认证
- 续期与变更
- 费用标准

**Module 3: 公证操作** (⭐⭐ 初级)
- 认证 (Acknowledgment)
- 宣誓 (Oath/Affirmation)
- 证词 (Affidavit)
- 证明 (Proof)

**Module 4: 电子公证** (⭐⭐⭐ 中级)
- 电子公证基础
- 注册要求
- 身份验证
- 技术标准

**Module 5: 房地产文件** (⭐⭐⭐ 中级)
- 房地产法基础
- 契约公证
- 抵押文件
- 统一格式

**Module 6: 限制与合规** (⭐⭐⭐ 中级)
- 禁止行为
- 利益冲突
- 广告限制
- 法律实践边界

**Module 7: 违规与处罚** (⭐⭐⭐ 中级)
- 常见违规行为
- 刑事责任
- 民事责任
- 撤职程序

**Module 8: 实务案例** (⭐⭐⭐⭐ 进阶)
- 案例分析
- 最佳实践
- 问题处理
- 风险防范

**Module 9: 进阶专题** (⭐⭐⭐⭐ 进阶)
- 公司文件公证
- 跨州公证
- 国际文件认证
- 特殊情况处理

**Module 10: 考试准备** (⭐⭐⭐⭐⭐ 精通)
- 综合复习
- 模拟测试
- 考试技巧
- 认证流程

【学习建议】

**新手学习路径**（建议2-4周）：
1. 完成Module 0-1（基础）
2. 完成Module 2-3（操作）
3. 学习Module 6-7（合规）
4. 完成Module 10（考试）

**进阶学习路径**（已有基础）：
1. 快速浏览Module 0-3
2. 重点学习Module 4-5（电子公证、房地产）
3. 深入研究Module 8-9（案例、专题）
4. 模拟测试

**时间安排建议**：
- 每天学习1-2小时
- 每周完成1-2个模块
- 总计4-8周完成全部课程

【学习工具】

本课程提供：
✅ 交互式课程内容
✅ 法律条文原文引用
✅ 实际案例分析
✅ 练习题和测试
✅ 重点提示和警告
✅ 术语表和索引

【考试信息】

**考试要求**：
- 多选题形式
- 及格分数：70分（满分100分）
- 考试费用：$15
- 可重考（需再交费）

**豁免条件**：
- 纽约州执业律师（无需考试）
- 法院书记员（特定条件）

【获取帮助】

遇到问题？
- 查看课程内FAQ
- 访问NYS Depart of State官网
- 联系培训机构
- 查阅法律原文

【重要提示】

⚠️ 本课程仅用于教育目的
⚠️ 法律条文以官方版本为准
⚠️ 建议结合实际案例学习
⚠️ 定期复习巩固知识

准备好了吗？让我们开始Module 1！"
002,公证人职业概述,"【什么是公证人？】

公证人（Notary Public）是由纽约州务卿（Secretary of State）任命的公职人员，主要职责是：

✅ **验证身份**
确认签字人就是文件中指定的人

✅ **见证签名**
确保签名是在公证人面前完成的

✅ **管理宣誓**
让宣誓人在神或法律面前承诺诚实

✅ **防止欺诈**
通过严格程序保护文件的真实性

【为什么需要公证人？】

公证人在社会中扮演着关键角色：

**1. 保护财产权**
"Upon the faith of these acknowledgments rests the title of real property..."
—— Matter of Gottheim案

房地产交易中，公证确保契约的有效性，保护买卖双方的权益。

**2. 维护法律秩序**
公证文件具有法律证据效力，可以在法庭上直接使用。

**3. 防止犯罪**
通过身份验证和亲自到场要求，防止冒名顶替、欺诈等犯罪行为。

**4. 促进商业活动**
使商业文件在州内外、国内外都能被认可和执行。

【职业特点】

**权威性**
- 由州政府任命
- 具有法定职权
- 证书全州有效

**责任性**
- 违规可能被撤职
- 可能面临刑事处罚
- 需承担民事赔偿责任

**中立性**
- 不得有利益冲突
- 不得提供法律建议（除非是律师）
- 不得偏袒任何一方

【职责范围】

**可以做的事**：
✅ 管理宣誓和确认 (Oaths and Affirmations)
✅ 接受宣誓书 (Affidavits)
✅ 接受和证明认证 (Acknowledgments)
✅ 证明契约、抵押等文件
✅ 需求汇票承兑或付款
✅ 为汇票做拒付证书 (Protest)

**不能做的事**：
❌ 提供法律建议（除非是执业律师）
❌ 准备法律文件（如遗嘱、契约）
❌ 为亲属或有利益关系的人公证
❌ 电话或远程公证（除非符合电子公证规定）
❌ 收取超过法定标准的费用

【工作场景】

典型的公证场景包括：

**房地产交易**
- 买卖合同
- 房产契约
- 抵押文件

**法律文件**
- 授权书 (Power of Attorney)
- 宣誓书 (Affidavits)
- 证词 (Depositions)

**商业文件**
- 公司文件
- 合同协议
- 金融文件

**个人文件**
- 身份证明
- 学历认证
- 旅行文件

【职业发展】

**入门阶段**
- 获得执照
- 积累经验
- 建立声誉

**成长阶段**
- 专业化（如房地产、商业）
- 增加服务（如电子公证）
- 扩大客户群

**资深阶段**
- 成为培训师
- 开设公证业务
- 提供咨询服务

【收入与费用】

**法定费用标准**（2023）：
- 宣誓/确认：$2
- 认证（每人）：$2
- 证明（每人）：$2
- 电子公证：$25

**任命费用**：
- 申请费：$60
- 考试费：$15
- 续期费：$60

**注意**：
⚠️ 不得收取超过法定标准的费用
⚠️ 违者可能被撤职并罚款

【职业道德】

作为公证人，您需要：

**诚信第一**
- 绝不弄虚作假
- 严格遵守程序
- 保护公众利益

**专业严谨**
- 仔细验证身份
- 确保亲自到场
- 正确填写证书

**持续学习**
- 了解法律变化
- 参加培训课程
- 提升专业能力

**服务公众**
- 公平对待所有人
- 及时提供服务
- 维护职业声誉

【成功案例】

许多成功的专业人士选择成为公证人：
- 律师（扩展服务）
- 会计师（服务客户）
- 银行职员（业务需要）
- 房地产经纪（增值服务）
- 小企业主（额外收入）

【思考题】

1. 公证人最重要的职责是什么？
2. 哪些行为是公证人绝对禁止的？
3. 公证人与律师的区别是什么？

准备好深入了解纽约州的公证制度了吗？让我们继续下一课！"
003,纽约州公证制度简介,"【历史背景】

公证制度源于古罗马，在中世纪欧洲得到发展。美国殖民地时期，纽约就已经有了公证制度。

**纽约州特点**：
- 普通法传统（Common Law）
- 州务卿统一管理
- 4年任期制
- 全州通用

【法律框架】

纽约州公证制度的法律基础：

**1. Executive Law（行政法）**
- §130-142：公证人的任命、权力、职责
- §135-c：电子公证专门规定

**2. Real Property Law（房地产法）**
- §290-333：房地产文件的公证要求
- 统一认证格式

**3. Public Officers Law（公职人员法）**
- §3：任职资格
- §67：费用规定
- §69：禁止收费情况

**4. Judiciary Law（司法法）**
- §484-485：非法法律执业
- §750：藐视法庭权

**5. Penal Law（刑法）**
- §170.10：伪造罪（二级重罪）
- §175.40：签发虚假证书
- §195.00：公职人员不当行为

**6. Title 19 NYCRR Part 182（州规章）**
- 公证人规则和条例
- 电子公证详细要求

【管理架构】

**州级机构**

**NYS Secretary of State（州务卿）**
- 任命公证人
- 制定规章
- 监督合规
- 处理违规

**Division of Licensing Services（执照服务部）**
- 处理申请
- 组织考试
- 颁发证书
- 维护记录

**县级机构**

**County Clerk（县书记官）**
- 接受续期申请
- 保存公证人签名
- 出具官方证明
- 认证公证签名

【任命要求】

要成为纽约州公证人，必须：

**基本条件**：
✅ 18岁或以上
✅ 纽约州居民 或 在纽约有办公室/营业场所
✅ 良好品德
✅ 相当于普通学校教育水平
✅ 熟悉公证人职责

**豁免考试**：
- 纽约州执业律师
- 符合条件的法院书记员

**不合格情况**：
❌ 犯有重罪（除非获得特殊批准）
❌ 违反征兵法
❌ 曾被撤销公证人资格

【管辖范围】

**地域范围**：
- 全纽约州有效
- 不受县界限制
- 可在任何县执业

**例外情况**：

**非居民公证人**：
- 必须在纽约有办公室
- 离开纽约且不保留办公室 → 资格作废
- 指定州务卿为送达程序的代理人

**外州律师**：
- 纽约执业律师可任命
- 即使居住在邻州
- 办公室必须在纽约

【与其他州的区别】

纽约州 vs 其他州：

**任命方式**
- NY: 州务卿任命
- 其他州: 有些是选举产生

**考试要求**
- NY: 必须考试（律师除外）
- 其他州: 有些不需要考试

**任期**
- NY: 4年
- 其他州: 2-10年不等

**电子公证**
- NY: 2023年开始允许
- 其他州: 要求各不相同

**费用标准**
- NY: 严格限定($2-$25)
- 其他州: 更灵活

【重要统计数据】

**2023年数据**：
- 活跃公证人：约20万+
- 年度任命：约5万+
- 考试通过率：约85%
- 平均年龄：45岁

【公证人类型】

**按职业分类**：
1. **专职公证人**
   - 提供移动公证服务
   - 经营公证店铺
   - 高收入潜力

2. **兼职公证人**
   - 银行职员
   - 律所职员
   - 房地产经纪
   - 政府雇员

**按服务类型**：
1. **传统公证**
   - 面对面服务
   - 纸质文件
   - 物理印章

2. **电子公证**
   - 远程视频服务
   - 电子文件
   - 数字签名
   - 需额外注册

【费用与投资】

**初始投资**：
- 申请费：$60
- 考试费：$15
- 教材：$20-50
- 印章/章：$20-50
- 保险（可选）：$50-100/年
- 总计：约$165-275

**年度成本**：
- 无年费（4年有效期）
- 保险（推荐）：$50-100
- 持续教育：$0-100

**收入潜力**：
- 兼职：$500-2,000/年
- 专职：$30,000-60,000/年
- 高级专业：$60,000+/年

【法律更新】

**近期重要变化**：

**2023年**：
- 正式实施电子公证
- 更新费用标准
- 加强身份验证要求

**2020年**：
- 新冠疫情期间临时远程公证
- 后转为永久电子公证规定

**未来趋势**：
- 更多电子化
- 更严格的安全要求
- 技术标准持续更新

【常见误解】

❌ **误解1**：公证人可以提供法律建议
✅ **事实**：只有律师可以提供法律建议

❌ **误解2**：公证保证文件内容真实
✅ **事实**：只验证签名人身份，不验证内容

❌ **误解3**：亲友可以公证
✅ **事实**：有利益关系的不得公证

❌ **误解4**：可以电话公证
✅ **事实**：必须亲自到场或符合电子公证规定

❌ **误解5**：可以随意收费
✅ **事实**：费用有严格上限

【检查清单】

成为合格的纽约州公证人，您需要：

□ 理解法律框架和职责范围
□ 熟悉任命流程和要求
□ 了解管辖范围和限制
□ 掌握费用标准和收取规则
□ 认识常见误解和正确做法
□ 承诺持续学习和专业发展

【下一步】

现在您已经了解了纽约州公证制度的基本框架，接下来我们将学习：

- 如何高效使用本课程系统
- 详细的公证操作流程
- 实际案例分析
- 考试准备技巧

准备好了吗？让我们继续！"
004,如何使用本课程,"【课程导航】

**课程结构**：
本课程采用模块化设计，每个模块包含多个课程单元。

**编号系统**：
- Module 0: 000-004（入门）
- Module 1: 001-020（基础）
- Module 2: 021-040（流程）
- ... 以此类推

**难度标识**：
⭐ - 入门级
⭐⭐ - 初级
⭐⭐⭐ - 中级
⭐⭐⭐⭐ - 进阶
⭐⭐⭐⭐⭐ - 精通

【学习方法】

**1. 顺序学习法**（推荐新手）

适合：零基础学员
步骤：
1. 从Module 0开始
2. 按顺序完成每个模块
3. 完成每课后的练习题
4. 定期复习

优点：系统全面，基础扎实
时间：4-8周

**2. 跳跃学习法**（有基础）

适合：有一定了解的学员
步骤：
1. 快速浏览Module 0-1
2. 重点学习感兴趣的模块
3. 补充薄弱环节
4. 集中练习

优点：灵活高效
时间：2-4周

**3. 考试冲刺法**（临考）

适合：临近考试的学员
步骤：
1. 直接学习Module 10（考试准备）
2. 做模拟题识别薄弱点
3. 针对性学习相关模块
4. 反复练习错题

优点：目标明确
时间：1-2周

【课程元素】

每节课包含以下元素，帮助您更好地学习：

**【学习目标】**
本课结束后您应该掌握的知识点

**【核心内容】**
详细的知识讲解和法律条文

**【实际案例】**
真实法院判例和实践场景

**【重点提示】**
✅ 必须记住的关键点
⚠️ 容易出错的地方
💡 学习技巧和提示

**【练习题】**
自测题帮助巩固知识

**【延伸阅读】**
相关法律条文和案例

**【关联课程】**
建议一起学习的其他课程

【学习工具】

**笔记功能**：
- 高亮重要内容
- 添加个人笔记
- 标记疑问点

**进度跟踪**：
- 查看完成进度
- 查看学习时间
- 获得完成证书

**练习系统**：
- 课后练习题
- 模块测试
- 模拟考试
- 错题集

**搜索功能**：
- 关键词搜索
- 法律条文查找
- 案例检索

【学习建议】

**每日安排**：

**工作日**（1-2小时）：
- 早晨：复习昨天内容（15分钟）
- 中午：学习新课程（30-45分钟）
- 晚上：练习题和总结（15-30分钟）

**周末**（3-4小时）：
- 系统学习新模块
- 深入研究难点
- 完成模块测试
- 整理笔记

**学习技巧**：

**1. 主动学习**
- 不要只是被动阅读
- 思考"为什么"
- 联系实际案例
- 自己总结归纳

**2. 间隔重复**
- 当天复习
- 第3天复习
- 第7天复习
- 第30天复习

**3. 实践应用**
- 想象实际场景
- 练习填写证书
- 角色扮演
- 讨论案例

**4. 联系记忆**
- 创建思维导图
- 编写口诀
- 关联熟悉事物
- 讲给别人听

【常见问题】

**Q1: 每天应该学习多长时间？**
A: 建议1-2小时。质量比时间更重要，保持专注。

**Q2: 需要死记硬背法律条文吗？**
A: 不需要。理解原理更重要，具体条文可以查阅。

**Q3: 练习题做错了怎么办？**
A: 很正常！重点是理解为什么错，然后复习相关内容。

**Q4: 遇到不理解的内容怎么办？**
A:
- 先标记疑问点
- 查看延伸阅读
- 搜索相关案例
- 询问培训师
- 暂时跳过，稍后回来

**Q5: 需要购买额外教材吗？**
A: 本课程已经包含所有必要内容。建议下载官方PDF备查。

【资源链接】

**官方资源**：
- NYS Department of State官网
- 公证人法律原文
- 官方培训手册
- 考试报名页面

**辅助工具**：
- 术语表
- 法律索引
- 案例库
- 表格模板

**社区支持**：
- 学习论坛
- Q&A版块
- 经验分享
- 导师咨询

【学习检查清单】

在开始正式课程前，确保您：

□ 理解课程结构和编号系统
□ 选择适合自己的学习方法
□ 了解每节课的元素构成
□ 掌握学习工具的使用
□ 制定个人学习计划
□ 准备好笔记本或电子笔记
□ 收藏官方资源链接
□ 加入学习社区

【激励与承诺】

成为公证人是一个值得骄傲的职业选择！

**您将获得**：
✨ 专业技能和证书
✨ 服务社会的机会
✨ 职业发展的可能
✨ 额外收入来源
✨ 终身有用的知识

**请您承诺**：
💪 认真完成每节课
💪 诚实对待练习和考试
💪 持续学习和改进
💪 遵守职业道德
💪 服务公众利益

【准备好了吗？】

恭喜您完成Module 0！

您现在已经：
✅ 了解了课程全貌
✅ 掌握了学习方法
✅ 准备好了学习工具
✅ 制定了学习计划

下一站：**Module 1 - 基础知识**

让我们一起开启这段精彩的学习旅程！

**点击开始Module 1 →**

---

💡 **学习提示**：
建议在开始Module 1之前，先浏览一遍所有模块标题，对课程有个整体印象。

⏰ **时间投入**：
预计Module 1需要4-6小时完成，建议分2-3天学习。

🎯 **学习目标**：
完成Module 1后，您将掌握公证人的基本职责和核心概念。

祝您学习愉快！加油！💪"
